{
    "dataset_name": "current_02800nA_noEC", 
    "current": -2.8, 
    "fascicle_ap_counter": {
        "Fascicle_04": 76, 
        "Fascicle_05": 90, 
        "Fascicle_06": 83, 
        "Fascicle_00": 91, 
        "Fascicle_01": 82, 
        "Fascicle_02": 118, 
        "Fascicle_03": 93
    }, 
    "total_number_APs": 633, 
    "AP times": {
        "0": 0.255, 
        "1": 0.19999999999999998, 
        "2": 0.19, 
        "3": 0.115, 
        "4": 0.205, 
        "5": 0.125, 
        "6": 0.115, 
        "7": 0.15, 
        "8": 0.165, 
        "9": 0.15, 
        "10": 0.13, 
        "11": 0.18, 
        "12": 0.295, 
        "13": 0.16, 
        "14": "nan", 
        "15": 0.125, 
        "16": 0.125, 
        "17": "nan", 
        "18": 0.125, 
        "19": 0.19999999999999998, 
        "20": 0.145, 
        "21": 0.285, 
        "22": 0.19999999999999998, 
        "23": 0.115, 
        "24": "nan", 
        "25": 0.245, 
        "26": "nan", 
        "27": 0.16, 
        "28": 0.165, 
        "29": 0.235, 
        "30": 0.16999999999999998, 
        "31": 0.185, 
        "32": 0.195, 
        "33": 0.13999999999999999, 
        "34": 0.145, 
        "35": 0.095, 
        "36": 0.19999999999999998, 
        "37": 0.16999999999999998, 
        "38": "nan", 
        "39": 0.16, 
        "40": 0.12000000000000001, 
        "41": 0.11, 
        "42": 0.53, 
        "43": 0.115, 
        "44": 0.245, 
        "45": 0.145, 
        "46": 0.16, 
        "47": 0.165, 
        "48": 0.19, 
        "49": 0.115, 
        "50": "nan", 
        "51": 0.13999999999999999, 
        "52": 0.22, 
        "53": 0.1, 
        "54": 0.19, 
        "55": 0.11, 
        "56": 0.13999999999999999, 
        "57": 0.52, 
        "58": 0.125, 
        "59": 0.22999999999999998, 
        "60": 0.22, 
        "61": 0.13, 
        "62": 0.1, 
        "63": 0.13, 
        "64": 0.16, 
        "65": "nan", 
        "66": "nan", 
        "67": 0.10500000000000001, 
        "68": 0.245, 
        "69": 0.405, 
        "70": 0.115, 
        "71": 0.265, 
        "72": 0.21, 
        "73": 0.165, 
        "74": 0.19999999999999998, 
        "75": 0.13499999999999998, 
        "76": 0.185, 
        "77": "nan", 
        "78": 0.3, 
        "79": 0.12000000000000001, 
        "80": "nan", 
        "81": 0.18, 
        "82": "nan", 
        "83": 0.165, 
        "84": 0.13, 
        "85": 0.13999999999999999, 
        "86": 0.16999999999999998, 
        "87": 0.095, 
        "88": 0.12000000000000001, 
        "89": 0.165, 
        "90": 0.13, 
        "91": "nan", 
        "92": 0.15, 
        "93": 0.125, 
        "94": 0.13, 
        "95": 0.225, 
        "96": 0.085, 
        "97": 0.115, 
        "98": 0.195, 
        "99": "nan", 
        "100": 0.155, 
        "101": 0.13999999999999999, 
        "102": 0.145, 
        "103": 0.125, 
        "104": "nan", 
        "105": 0.235, 
        "106": "nan", 
        "107": 0.11, 
        "108": 0.095, 
        "109": 0.13499999999999998, 
        "110": 0.12000000000000001, 
        "111": 0.1, 
        "112": 0.10500000000000001, 
        "113": 0.11, 
        "114": 0.13499999999999998, 
        "115": 0.115, 
        "116": 0.205, 
        "117": "nan", 
        "118": 0.165, 
        "119": 0.13499999999999998, 
        "120": 0.155, 
        "121": 0.18, 
        "122": 0.21, 
        "123": 0.16999999999999998, 
        "124": 0.275, 
        "125": 0.16, 
        "126": 0.215, 
        "127": 0.1, 
        "128": 0.21, 
        "129": 0.145, 
        "130": 0.255, 
        "131": 0.145, 
        "132": "nan", 
        "133": 0.13499999999999998, 
        "134": 0.165, 
        "135": 0.165, 
        "136": 0.13499999999999998, 
        "137": 0.11, 
        "138": 0.095, 
        "139": 0.19999999999999998, 
        "140": 0.11, 
        "141": 0.18, 
        "142": 0.095, 
        "143": 0.42, 
        "144": 0.19, 
        "145": 0.205, 
        "146": 0.12000000000000001, 
        "147": 0.205, 
        "148": 0.245, 
        "149": 0.125, 
        "150": 0.13499999999999998, 
        "151": 0.11, 
        "152": 0.245, 
        "153": 0.265, 
        "154": 0.235, 
        "155": 0.10500000000000001, 
        "156": 0.165, 
        "157": 0.095, 
        "158": 0.15, 
        "159": 0.11, 
        "160": 0.265, 
        "161": 0.13499999999999998, 
        "162": 0.195, 
        "163": 0.13999999999999999, 
        "164": "nan", 
        "165": 0.115, 
        "166": 0.16999999999999998, 
        "167": 0.125, 
        "168": "nan", 
        "169": 0.21, 
        "170": 0.115, 
        "171": 0.27, 
        "172": 0.1, 
        "173": 0.13499999999999998, 
        "174": 0.095, 
        "175": 0.13, 
        "176": 0.22, 
        "177": 0.16999999999999998, 
        "178": 0.11, 
        "179": 0.295, 
        "180": 0.125, 
        "181": 0.10500000000000001, 
        "182": 0.13499999999999998, 
        "183": 0.13999999999999999, 
        "184": 0.175, 
        "185": 0.115, 
        "186": 0.09000000000000001, 
        "187": 0.060000000000000005, 
        "188": 0.175, 
        "189": 0.16999999999999998, 
        "190": 0.07, 
        "191": 0.13499999999999998, 
        "192": 0.10500000000000001, 
        "193": 0.145, 
        "194": 0.095, 
        "195": 0.095, 
        "196": 0.13, 
        "197": 0.11, 
        "198": 0.07500000000000001, 
        "199": 0.145, 
        "200": 0.10500000000000001, 
        "201": 0.145, 
        "202": 0.215, 
        "203": 0.1, 
        "204": 0.195, 
        "205": 0.155, 
        "206": 0.095, 
        "207": 0.060000000000000005, 
        "208": 0.095, 
        "209": 0.09000000000000001, 
        "210": 0.07500000000000001, 
        "211": 0.07, 
        "212": 0.155, 
        "213": 0.09000000000000001, 
        "214": 0.125, 
        "215": 0.12000000000000001, 
        "216": 0.125, 
        "217": 0.12000000000000001, 
        "218": 0.195, 
        "219": 0.060000000000000005, 
        "220": 0.065, 
        "221": 0.185, 
        "222": 0.065, 
        "223": 0.07, 
        "224": 0.065, 
        "225": 0.08, 
        "226": 0.13999999999999999, 
        "227": 0.10500000000000001, 
        "228": 0.10500000000000001, 
        "229": 0.1, 
        "230": 0.19999999999999998, 
        "231": 0.19, 
        "232": 0.19999999999999998, 
        "233": 0.085, 
        "234": 0.10500000000000001, 
        "235": 0.13499999999999998, 
        "236": 0.165, 
        "237": 0.13, 
        "238": 0.13999999999999999, 
        "239": 0.145, 
        "240": 0.11, 
        "241": 0.19, 
        "242": 0.095, 
        "243": 0.1, 
        "244": 0.16999999999999998, 
        "245": 0.16999999999999998, 
        "246": 0.145, 
        "247": 0.1, 
        "248": 0.115, 
        "249": 0.07, 
        "250": 0.10500000000000001, 
        "251": 0.16999999999999998, 
        "252": 0.095, 
        "253": 0.12000000000000001, 
        "254": 0.13499999999999998, 
        "255": 0.205, 
        "256": 0.145, 
        "257": 0.10500000000000001, 
        "258": 0.15, 
        "259": 0.07, 
        "260": 0.165, 
        "261": 0.125, 
        "262": 0.16999999999999998, 
        "263": 0.155, 
        "264": 0.10500000000000001, 
        "265": 0.09000000000000001, 
        "266": 0.10500000000000001, 
        "267": 0.195, 
        "268": 0.12000000000000001, 
        "269": 0.11, 
        "270": 0.085, 
        "271": 0.1, 
        "272": 0.11, 
        "273": 0.125, 
        "274": 0.115, 
        "275": 0.085, 
        "276": 0.18, 
        "277": 0.22, 
        "278": 0.10500000000000001, 
        "279": 0.29, 
        "280": 0.09000000000000001, 
        "281": 0.175, 
        "282": 0.10500000000000001, 
        "283": 0.095, 
        "284": 0.125, 
        "285": 0.10500000000000001, 
        "286": 0.215, 
        "287": 0.165, 
        "288": 0.09000000000000001, 
        "289": 0.18, 
        "290": 0.11, 
        "291": 0.16, 
        "292": 0.09000000000000001,