{
    "dataset_name": "current_04000nA_EC", 
    "current": -4.0, 
    "fascicle_ap_counter": {
        "Fascicle_04": 87, 
        "Fascicle_05": 98, 
        "Fascicle_06": 83, 
        "Fascicle_00": 91, 
        "Fascicle_01": 82, 
        "Fascicle_02": 118, 
        "Fascicle_03": 99
    }, 
    "total_number_APs": 658, 
    "AP times": {
        "0": 0.115, 
        "1": 0.095, 
        "2": 0.095, 
        "3": 0.049999999999999996, 
        "4": 0.1, 
        "5": 0.060000000000000005, 
        "6": 0.049999999999999996, 
        "7": 0.07500000000000001, 
        "8": 0.08, 
        "9": 0.07500000000000001, 
        "10": 0.065, 
        "11": 0.09000000000000001, 
        "12": 0.12000000000000001, 
        "13": 0.07500000000000001, 
        "14": 0.16, 
        "15": 0.060000000000000005, 
        "16": 0.065, 
        "17": 0.185, 
        "18": 0.055, 
        "19": 0.095, 
        "20": 0.065, 
        "21": 0.12000000000000001, 
        "22": 0.1, 
        "23": 0.055, 
        "24": 0.18, 
        "25": 0.115, 
        "26": 0.16, 
        "27": 0.08, 
        "28": 0.08, 
        "29": 0.11, 
        "30": 0.085, 
        "31": 0.09000000000000001, 
        "32": 0.095, 
        "33": 0.07500000000000001, 
        "34": 0.07500000000000001, 
        "35": 0.04, 
        "36": 0.1, 
        "37": 0.08, 
        "38": 0.16, 
        "39": 0.08, 
        "40": 0.055, 
        "41": 0.055, 
        "42": 0.13, 
        "43": 0.060000000000000005, 
        "44": 0.115, 
        "45": 0.065, 
        "46": 0.08, 
        "47": 0.08, 
        "48": 0.095, 
        "49": 0.060000000000000005, 
        "50": 0.185, 
        "51": 0.07, 
        "52": 0.10500000000000001, 
        "53": 0.049999999999999996, 
        "54": 0.09000000000000001, 
        "55": 0.045, 
        "56": 0.07, 
        "57": 0.13499999999999998, 
        "58": 0.065, 
        "59": 0.11, 
        "60": 0.10500000000000001, 
        "61": 0.065, 
        "62": 0.049999999999999996, 
        "63": 0.060000000000000005, 
        "64": 0.07500000000000001, 
        "65": 0.15, 
        "66": 0.13999999999999999, 
        "67": 0.045, 
        "68": 0.11, 
        "69": 0.13499999999999998, 
        "70": 0.060000000000000005, 
        "71": 0.12000000000000001, 
        "72": 0.1, 
        "73": 0.085, 
        "74": 0.095, 
        "75": 0.07, 
        "76": 0.095, 
        "77": 0.16, 
        "78": 0.125, 
        "79": 0.049999999999999996, 
        "80": 0.185, 
        "81": 0.085, 
        "82": 0.13499999999999998, 
        "83": 0.08, 
        "84": 0.049999999999999996, 
        "85": 0.07, 
        "86": 0.085, 
        "87": 0.045, 
        "88": 0.060000000000000005, 
        "89": 0.085, 
        "90": 0.065, 
        "91": 0.155, 
        "92": 0.07500000000000001, 
        "93": 0.055, 
        "94": 0.060000000000000005, 
        "95": 0.10500000000000001, 
        "96": 0.04, 
        "97": 0.060000000000000005, 
        "98": 0.095, 
        "99": 0.13499999999999998, 
        "100": 0.08, 
        "101": 0.07, 
        "102": 0.07500000000000001, 
        "103": 0.065, 
        "104": 0.13999999999999999, 
        "105": 0.115, 
        "106": 0.155, 
        "107": 0.049999999999999996, 
        "108": 0.045, 
        "109": 0.065, 
        "110": 0.060000000000000005, 
        "111": 0.045, 
        "112": 0.049999999999999996, 
        "113": 0.055, 
        "114": 0.07, 
        "115": 0.055, 
        "116": 0.1, 
        "117": 0.16999999999999998, 
        "118": 0.08, 
        "119": 0.07, 
        "120": 0.07500000000000001, 
        "121": 0.09000000000000001, 
        "122": 0.10500000000000001, 
        "123": 0.085, 
        "124": 0.125, 
        "125": 0.08, 
        "126": 0.10500000000000001, 
        "127": 0.049999999999999996, 
        "128": 0.10500000000000001, 
        "129": 0.07, 
        "130": 0.115, 
        "131": 0.07, 
        "132": 0.16, 
        "133": 0.07, 
        "134": 0.085, 
        "135": 0.08, 
        "136": 0.07, 
        "137": 0.04, 
        "138": 0.04, 
        "139": 0.1, 
        "140": 0.04, 
        "141": 0.095, 
        "142": 0.049999999999999996, 
        "143": 0.15, 
        "144": 0.095, 
        "145": 0.1, 
        "146": 0.060000000000000005, 
        "147": 0.1, 
        "148": 0.12000000000000001, 
        "149": 0.065, 
        "150": 0.07, 
        "151": 0.060000000000000005, 
        "152": 0.115, 
        "153": 0.12000000000000001, 
        "154": 0.11, 
        "155": 0.049999999999999996, 
        "156": 0.08, 
        "157": 0.049999999999999996, 
        "158": 0.07500000000000001, 
        "159": 0.055, 
        "160": 0.12000000000000001, 
        "161": 0.07, 
        "162": 0.095, 
        "163": 0.07500000000000001, 
        "164": 0.19, 
        "165": 0.055, 
        "166": 0.09000000000000001, 
        "167": 0.065, 
        "168": 0.15, 
        "169": 0.10500000000000001, 
        "170": 0.060000000000000005, 
        "171": 0.12000000000000001, 
        "172": 0.04, 
        "173": 0.055, 
        "174": 0.049999999999999996, 
        "175": 0.060000000000000005, 
        "176": 0.11, 
        "177": 0.085, 
        "178": 0.055, 
        "179": 0.125, 
        "180": 0.055, 
        "181": 0.055, 
        "182": 0.07, 
        "183": 0.055, 
        "184": 0.085, 
        "185": 0.060000000000000005, 
        "186": 0.04, 
        "187": 0.03, 
        "188": 0.095, 
        "189": 0.095, 
        "190": 0.034999999999999996, 
        "191": 0.07500000000000001, 
        "192": 0.055, 
        "193": 0.08, 
        "194": 0.049999999999999996, 
        "195": 0.049999999999999996, 
        "196": 0.07, 
        "197": 0.060000000000000005, 
        "198": 0.034999999999999996, 
        "199": 0.08, 
        "200": 0.04, 
        "201": 0.08, 
        "202": 0.11, 
        "203": 0.055, 
        "204": 0.11, 
        "205": 0.085, 
        "206": 0.045, 
        "207": 0.03, 
        "208": 0.055, 
        "209": 0.045, 
        "210": 0.034999999999999996, 
        "211": 0.034999999999999996, 
        "212": 0.085, 
        "213": 0.045, 
        "214": 0.065, 
        "215": 0.07, 
        "216": 0.07, 
        "217": 0.065, 
        "218": 0.10500000000000001, 
        "219": 0.034999999999999996, 
        "220": 0.034999999999999996, 
        "221": 0.1, 
        "222": 0.034999999999999996, 
        "223": 0.034999999999999996, 
        "224": 0.03, 
        "225": 0.04, 
        "226": 0.07500000000000001, 
        "227": 0.060000000000000005, 
        "228": 0.055, 
        "229": 0.049999999999999996, 
        "230": 0.11, 
        "231": 0.10500000000000001, 
        "232": 0.11, 
        "233": 0.04, 
        "234": 0.055, 
        "235": 0.07500000000000001, 
        "236": 0.09000000000000001, 
        "237": 0.07, 
        "238": 0.07500000000000001, 
        "239": 0.08, 
        "240": 0.049999999999999996, 
        "241": 0.1, 
        "242": 0.049999999999999996, 
        "243": 0.049999999999999996, 
        "244": 0.095, 
        "245": 0.09000000000000001, 
        "246": 0.07500000000000001, 
        "247": 0.055, 
        "248": 0.065, 
        "249": 0.034999999999999996, 
        "250": 0.055, 
        "251": 0.095, 
        "252": 0.049999999999999996, 
        "253": 0.07, 
        "254": 0.07500000000000001, 
        "255": 0.11, 
        "256": 0.08, 
        "257": 0.060000000000000005, 
        "258": 0.08, 
        "259": 0.034999999999999996, 
        "260": 0.09000000000000001, 
        "261": 0.065, 
        "262": 0.095, 
        "263": 0.085, 
        "264": 0.045, 
        "265": 0.045, 
        "266": 0.060000000000000005, 
        "267": 0.10500000000000001, 
        "268": 0.060000000000000005, 
        "269": 0.055, 
        "270": 0.04, 
        "271": 0.055, 
        "272": 0.055, 
        "273": 0.07, 
        "274": 0.060000000000000005, 
        "275": 0.04, 
        "276": 0.09000000000000001, 
        "277": 0.11,